{
  "version": "v2",
  "trainedAt": "2026-06-01T16:20:59.070169",
  "featureNames": [
    "minute",
    "half",
    "total_goals_so_far",
    "da_h_delta_3m",
    "da_a_delta_3m",
    "da_total_3m",
    "shots_total_delta_3m",
    "on_target_delta_3m",
    "corners_delta_3m",
    "yellow_delta_3m",
    "ou13_handicap",
    "ou13_over_odds",
    "ou13_under_odds",
    "ou13_under_rises_5m_count",
    "ou13_under_rises_5m_sum",
    "ou13_under_rises_max_step_5m",
    "ou13_over_drops_5m_count",
    "ou13_over_drops_5m_sum",
    "ou13_over_max_step_5m",
    "ah12_handicap",
    "ah12_home_odds",
    "ah12_away_odds",
    "ah12_home_drops_5m_count",
    "ah12_home_drops_5m_sum",
    "ah12_home_max_step_5m",
    "pressure_alert_count_3m",
    "pressure_alert_max_3m",
    "man_advantage"
  ],
  "labelColumn": "goal_within_window",
  "goalWindowMin": 15,
  "rocAuc": 0.49537183294370374,
  "prAuc": 0.4163642056936492,
  "brier": 0.23887763917446136,
  "logLoss": 0.6707349119443091,
  "baselineBrier": 0.23954330794253453,
  "numTrainRows": 10611,
  "numValRows": 2697,
  "numTestRows": 3252,
  "numTrainMatches": 249,
  "numValMatches": 58,
  "numTestMatches": 77,
  "positiveRatioTrain": 0.3877108660823674,
  "positiveRatioTest": 0.3972939729397294,
  "topFeatures": {
    "half": 0.058902569115161896,
    "ou13_under_rises_5m_count": 0.05613698810338974,
    "ou13_handicap": 0.05505659803748131,
    "ah12_handicap": 0.05264207348227501,
    "ah12_away_odds": 0.04807892441749573,
    "ou13_under_rises_5m_sum": 0.04794835299253464,
    "total_goals_so_far": 0.04724764823913574,
    "ou13_over_drops_5m_sum": 0.0452021025121212,
    "yellow_delta_3m": 0.0418587289750576,
    "man_advantage": 0.04181358590722084
  },
  "recommendedThreshold": 0.3709160387516022,
  "displayThresholds": {
    "warn": 0.3887724280357361,
    "high": 0.3946199417114258,
    "extreme": 0.4260699450969696
  }
}