{
  "version": "v2",
  "trainedAt": "2026-06-01T16:18:17.677307",
  "featureNames": [
    "minute",
    "half",
    "total_goals_so_far",
    "da_h_delta_3m",
    "da_a_delta_3m",
    "da_total_3m",
    "shots_total_delta_3m",
    "on_target_delta_3m",
    "corners_delta_3m",
    "yellow_delta_3m",
    "ou13_handicap",
    "ou13_over_odds",
    "ou13_under_odds",
    "ou13_under_rises_5m_count",
    "ou13_under_rises_5m_sum",
    "ou13_under_rises_max_step_5m",
    "ou13_over_drops_5m_count",
    "ou13_over_drops_5m_sum",
    "ou13_over_max_step_5m",
    "ah12_handicap",
    "ah12_home_odds",
    "ah12_away_odds",
    "ah12_home_drops_5m_count",
    "ah12_home_drops_5m_sum",
    "ah12_home_max_step_5m",
    "pressure_alert_count_3m",
    "pressure_alert_max_3m",
    "man_advantage"
  ],
  "labelColumn": "goal_within_window",
  "goalWindowMin": 5,
  "rocAuc": 0.4937152180674115,
  "prAuc": 0.1601094477355235,
  "brier": 0.13386185467243195,
  "logLoss": 0.43842260454731646,
  "baselineBrier": 0.13384451379128,
  "numTrainRows": 14480,
  "numValRows": 3386,
  "numTestRows": 4707,
  "numTrainMatches": 254,
  "numValMatches": 59,
  "numTestMatches": 79,
  "positiveRatioTrain": 0.1527624309392265,
  "positiveRatioTest": 0.15912470788187805,
  "topFeatures": {
    "ou13_over_odds": 0.08185632526874542,
    "ah12_home_drops_5m_count": 0.05332202464342117,
    "ou13_handicap": 0.04937531426548958,
    "minute": 0.04928664490580559,
    "ah12_handicap": 0.04711863398551941,
    "pressure_alert_max_3m": 0.04601675271987915,
    "ah12_home_max_step_5m": 0.042043160647153854,
    "yellow_delta_3m": 0.04162612557411194,
    "half": 0.041239093989133835,
    "total_goals_so_far": 0.04095861688256264
  },
  "recommendedThreshold": 0.15320415794849396,
  "displayThresholds": {
    "warn": 0.15470412373542786,
    "high": 0.15470412373542786,
    "extreme": 0.15470412373542786
  }
}