{
  "version": "v3",
  "trainedAt": "2026-06-11T20:03:13.957737",
  "featureNames": [
    "minute",
    "half",
    "total_goals_so_far",
    "da_h_delta_3m",
    "da_a_delta_3m",
    "da_total_3m",
    "shots_total_delta_3m",
    "on_target_delta_3m",
    "corners_delta_3m",
    "yellow_delta_3m",
    "ou13_handicap",
    "ou13_over_odds",
    "ou13_under_odds",
    "ou13_under_rises_5m_count",
    "ou13_under_rises_5m_sum",
    "ou13_under_rises_max_step_5m",
    "ou13_over_drops_5m_count",
    "ou13_over_drops_5m_sum",
    "ou13_over_max_step_5m",
    "ah12_handicap",
    "ah12_home_odds",
    "ah12_away_odds",
    "ah12_home_drops_5m_count",
    "ah12_home_drops_5m_sum",
    "ah12_home_max_step_5m",
    "pressure_alert_count_3m",
    "pressure_alert_max_3m",
    "man_advantage",
    "shot_accuracy_3m",
    "on_target_acceleration",
    "big_chance_missed_3m",
    "expected_remaining_goals",
    "minutes_remaining",
    "da_total_10m",
    "shots_total_delta_10m",
    "da_share_home",
    "shots_total",
    "corners_total",
    "da_total"
  ],
  "labelColumn": "goal_within_window",
  "goalWindowMin": 30,
  "rocAuc": 0.5597169386182488,
  "prAuc": 0.6650770722553216,
  "brier": 0.23663537204265594,
  "logLoss": 0.6662502534267732,
  "baselineBrier": 0.23692214461607997,
  "numTrainRows": 16713,
  "numValRows": 3926,
  "numTestRows": 5424,
  "numTrainMatches": 296,
  "numValMatches": 69,
  "numTestMatches": 92,
  "positiveRatioTrain": 0.5863100580386525,
  "positiveRatioTest": 0.6189159292035398,
  "topFeatures": {
    "minutes_remaining": 0.09142161160707474,
    "minute": 0.08990129083395004,
    "ou13_handicap": 0.045317258685827255,
    "ou13_under_odds": 0.03955269604921341,
    "ah12_handicap": 0.0385066419839859,
    "man_advantage": 0.03774874284863472,
    "expected_remaining_goals": 0.03739285469055176,
    "corners_total": 0.036221109330654144,
    "ah12_away_odds": 0.03571612760424614,
    "shots_total": 0.035273268818855286
  },
  "recommendedThreshold": 0.44679680466651917,
  "displayThresholds": {
    "warn": 0.6186473369598389,
    "high": 0.6468030214309692,
    "extreme": 0.7196292877197266
  }
}